UAV Count,Median (ms),P95 (ms),P99 (ms)
1.0,109.46251179098812,123.36392899753874,125.4689572804032
10.0,110.95055907240211,124.27324232148348,126.73174697529443
50.0,112.97636583142747,126.58349272401459,128.96958506242686
